  20007.26,   7417.32,      6.16,581883978.00
  20012.00,   6200.12,      5.94,1576495639.00
  20012.00,   5635.04,      6.70,416311821.00
  20010.33,   6504.83,      6.78,928744434.00
  19621.15,   6589.69,      6.38,1346671972.00
  20857.00,   6602.00,      5.00,587552628.00
  20010.70,   6917.61,      7.09,1412669413.00
  19613.06,   6065.67,      6.11,59488606.00
  19635.00,   7293.88,      6.00,2087681093.00
  18762.00,   6787.50,      8.00,1794492218.00
  20597.00,   6033.75,      6.00,457069174.00
  19635.00,   5519.45,      5.36,1243716952.00
  20597.00,   7203.00,      6.00,1824456358.00
  19047.00,   5826.00,      4.50,884915375.00
  20007.50,   7150.85,      7.25,1457096501.00
  20010.70,   5833.09,      6.61,654980098.00
  20887.00,   5852.67,      5.00,356416145.00
  19626.82,   6879.73,      6.45,1280962469.00
  19622.80,   5867.00,      6.00,1996324440.00
  20010.97,   6320.28,      6.31,975770449.00
  20010.00,   6605.73,      6.27,1138653087.00
  21291.50,   6094.50,      7.00,502417118.00
  20617.40,   6748.60,      6.80,115030320.00
  18878.75,   6208.50,      6.25,1696734245.00
  19635.00,   7397.30,      5.80,434886627.00
  20930.00,   7246.00,      5.67,1461589341.00
  21324.00,   6683.00,      5.00,1084783800.00
  19195.50,   6970.50,      9.00,595814687.00
  20012.00,   6005.33,      6.94,322634632.00
  20012.00,   5496.20,      5.13,1545703504.00
  20012.00,   6754.47,      7.07,1613750893.00
  19618.93,   6205.87,      6.13,813487417.00
  19635.00,   7187.40,      6.73,70173557.00
  19615.00,   6726.89,      6.00,127779034.00
  20012.00,   7310.33,      6.78,1964698224.00
  19635.00,   7060.43,      7.29,1889351678.00
  19622.14,   6459.71,      6.57,252495895.00
  19280.00,   7238.00,      7.00,879068285.00
  20887.00,   6098.00,      6.33,209106394.00
  20306.00,   6761.00,     10.00,275086000.00
  19519.33,   5681.33,      6.67,330474039.00
  20597.00,   5725.50,      6.00,1178494320.00
  38390.00,   1346.59,      6.05,49726709.00
  38388.88,   2487.16,      5.44,1728046750.00
  36791.50,   1597.88,      7.62,577804928.00
  38388.00,    483.78,      5.78,1420444157.00
  38394.14,   1882.00,      6.48,1157410421.00
  36156.14,    735.43,      6.86,1587418219.00
  39896.00,   2235.00,      2.00,1260103412.00
  37364.00,    488.00,      4.00,1319221678.00
  38390.20,   2797.77,      6.63,304938321.00
  37364.00,   2259.67,      4.67,1252716792.00
  39069.50,   1681.25,      4.50,1154410875.00
  38382.09,   1758.65,      5.70,949654419.00
  38388.00,   2127.37,      6.65,1899586631.00
  38388.00,     59.33,      5.78,1609110850.00
  38394.60,   1028.40,      6.50,574483032.00
  39620.00,   1110.00,      5.00,1316945926.00
  38837.00,   2604.00,      5.67,913941933.00
  38385.83,   1489.00,      5.08,1103257842.00
  37380.00,   1040.67,      7.33,213768948.00
  39568.00,   2596.50,      5.50,1333932110.00
  38740.67,    876.33,      6.67,357997266.00
  38380.00,   2590.96,      5.96,352764125.00
  38388.00,   2289.15,      7.00,512354626.00
  36139.00,    254.33,      6.00,1843007052.00
  36786.50,   1839.62,      8.12,596138283.00
  38388.00,    287.36,      5.82,1667591809.00
  37364.00,   2937.00,      8.00,12724774.00
  38388.00,   1636.37,      6.60,1893472540.00
  36812.00,   1071.00,      9.00,1865402231.00
  36771.00,    324.00,      6.00,352963062.00
  37364.00,   1546.00,      2.00,598314895.00
  38812.00,   1875.50,      4.00,1506029462.00
  38389.52,   2908.21,      6.07,951191209.00
  37715.00,    395.00,      6.00,2052763775.00
  38388.50,   1999.43,      6.52,101515314.00
  40003.00,   1781.00,      7.00,1360403311.00
  38388.00,    853.25,      6.00,1888804566.00
  37952.00,   2743.00,      6.00,943107193.00
  38812.00,   1571.00,      5.00,1307989559.00
  37872.00,     33.00,      2.00,225756499.00
  38595.00,   1143.67,      8.00,1752631838.00
  37364.00,   1928.00,      6.00,1919778731.00
  38388.00,   2397.90,      6.73,289594210.00
  39018.00,   2058.00,      7.33,168409217.00
  39896.00,   2814.00,      2.00,603610980.00
  37364.00,    183.00,      6.00,668414872.00
  39063.00,   2874.00,      8.00,161211572.00
  38390.54,   2698.23,      6.15,675317109.00
  38388.00,    661.75,      6.33,231286328.00
  39672.00,   2251.00,      8.00,785486345.00
   5678.00,   6633.75,      5.75,1775592301.00
   5721.50,   8477.33,      7.50,1330142817.00
   6815.59,   6999.71,      6.00,820862669.00
   4538.00,   8296.83,      7.67,1182746662.00
   6761.56,   8593.89,      5.33,1634876360.00
   4555.00,   6895.71,      8.43,906731060.00
   6722.00,   6259.38,      4.62,1148182730.00
   5686.50,   6305.90,      6.07,586238456.00
   6999.50,   7814.50,      6.50,1617460989.00
   5692.94,   7306.81,      6.12,1795924060.00
   4582.50,   6102.38,      5.50,2120568784.00
   5665.21,   8882.74,      6.16,54740230.00
   4538.00,   8835.17,      8.17,1743466702.00
   5678.00,   6071.20,      6.23,1218075167.00
   6076.33,   7007.67,      4.33,631911706.00
   6790.25,   6717.42,      6.17,576257675.00
   6757.67,   8873.33,      5.89,1414767931.00
   5690.29,   7844.71,      6.71,1599621167.00
   6781.56,   5983.78,      5.89,1091701666.00
   4532.00,   7724.00,      8.00,714638063.00
   6699.14,   8111.00,      5.00,1014561259.00
   5147.33,   6831.33,      4.67,1018910344.00
   5688.39,   6860.30,      6.09,1545154196.00
   3936.50,   8146.00,      4.50,1162800575.00
   7471.00,   7383.50,      5.00,747568471.00
   6435.00,   6482.50,      6.00,1749761088.00
   6795.00,   7483.00,      5.43,967945593.00
   4435.75,   6566.75,      6.25,522647829.00
  31854.00,   3644.00,      4.00,1053125857.00
  30160.25,   4095.65,      5.05,1716285202.00
  30158.77,   3503.31,      5.66,1513499293.00
  30315.71,   4589.86,      5.00,1515842729.00
  28745.75,   4294.50,      6.50,1234809102.00
  30719.00,   3678.20,      5.20,1960976407.00
  31836.50,   4337.25,      7.75,152125946.00
  30798.50,   4452.17,      7.67,1334692826.00
  30159.64,   4424.32,      5.55,649112335.00
  30162.53,   3719.36,      5.69,1553240954.00
  32544.50,   4030.50,      5.00,269875127.00
  30723.00,   3248.25,      6.00,292267356.00
  30165.33,   3919.48,      6.10,1046232108.00
  30158.45,   3275.70,      5.70,320938186.00
  28665.00,   3858.50,      5.50,1187187239.00
  32283.00,   3243.50,      5.00,1365211635.00
  29760.00,   4400.00,      7.00,643133523.00
  30161.38,   4617.93,      5.28,1109053001.00
  29820.33,   3287.67,      5.33,1597176795.00
  30500.00,   4224.00,      5.33,1292262672.00
  31689.00,   3233.00,     10.00,1544103544.00
  31819.00,   4731.50,      6.50,1346444689.00
  30158.50,   4326.06,      4.97,206859362.00
  31327.00,   3666.00,      2.00,1358811275.00
  30159.12,   3618.54,      4.79,1512352178.00
  30159.12,   4212.68,      5.30,822732075.00
  30723.00,   4288.75,      5.50,1955575774.00
  30730.62,   3454.75,      6.38,824923859.00
  29220.00,   4057.00,      1.00,1307481970.00
  30161.58,   4001.21,      5.39,2057332236.00
  32283.00,   3801.00,      5.50,600093106.00
  29643.00,   3636.00,      6.00,1315177971.00
  30723.00,   4654.00,      7.50,1392474551.00
  30158.36,   3382.28,      5.40,887391323.00
  28665.00,   3458.00,      1.00,702321691.00
  30285.00,   4374.00,      6.67,1909400039.00
  30285.00,   3345.75,      5.75,301192623.00
  30920.50,   3655.50,      8.00,1577718889.00
  30283.56,   3536.11,      6.11,105923438.00
  30285.00,   4111.67,      6.58,956007914.00
  31381.00,   3407.00,      7.00,580765261.00
  29792.00,   4081.50,      5.00,579098469.00
  31854.00,   3858.50,      8.00,1700564018.00
  32545.00,   3443.00,      4.00,1337674719.00
  31854.00,   3340.00,      4.00,1286231603.00
  30715.80,   4145.60,      5.60,901669082.00
  32283.00,   4114.00,      6.00,1036087815.00
  30158.72,   3813.84,      5.24,1617371040.00
  29891.00,   3647.00,      4.00,879771507.00
  30743.80,   3854.40,      7.20,539758771.00
  30161.21,   4515.18,      5.64,768759344.00
  29707.00,   4648.00,      6.00,397769713.00
  13415.00,   6514.50,      6.25,1991918338.00
  14463.00,   5123.76,      4.24,1340614409.00
  14463.00,   4551.21,      4.76,897750925.00
  14653.00,   6051.00,      6.00,523069885.00
  14463.00,   5489.07,      4.20,1289862137.00
  14660.00,   6642.33,      5.33,2083935476.00
  15619.00,   5745.80,      6.60,2113631795.00
  14134.00,   7556.50,      6.00,1020454109.00
  13712.00,   5307.75,      3.00,1322532126.00
  14463.00,   4675.07,      4.30,90222636.00
  14134.00,   6331.33,      7.33,2050318351.00
  14984.33,   5758.33,      5.33,1301273832.00
  14463.00,   4423.17,      4.69,1843763192.00
  14463.00,   4933.07,      4.41,171745657.00
  14463.00,   6914.00,      4.00,1141279395.00
  14463.00,   5722.60,      4.40,2030407075.00
  15619.00,   5194.67,      4.67,1180952989.00
  15048.00,   6505.00,      1.00,229690182.00
  13473.00,   7344.00,     10.00,1799195584.00
  15048.00,   4828.00,      8.00,1612900347.00
  13652.00,   5885.50,      4.50,1392915913.00
  15010.00,   7140.00,      9.00,1755122820.00
  14159.60,   6617.80,      5.60,1987177142.00
  14463.00,   5278.50,      4.36,1879211708.00
  14134.00,   4934.50,      3.50,644350686.00
  14134.00,   5738.00,      1.00,1953099674.00
  14625.00,   5828.50,      5.00,98273637.00
  13015.00,   6114.00,     10.00,458253850.00
  14463.00,   5037.52,      4.55,341295507.00
  16003.00,   5473.00,      7.00,2122107051.00
  14463.00,   5393.10,      4.21,276875490.00
  15010.00,   6714.75,      7.00,988153549.00
  14984.33,   6064.33,      6.00,653097839.00
  14463.00,   5565.92,      4.32,491040366.00
  14452.25,   5856.08,      5.17,1744914119.00
  13900.00,   7808.00,      6.00,225138380.00
  14463.00,   4764.85,      4.48,1234442287.00
  14553.50,   7156.50,      6.50,1722499483.00
  14463.00,   4324.52,      4.64,910596356.00
  14134.00,   4376.00,      2.00,921214682.00
  15240.00,   6708.50,      3.50,102644990.00
  13741.25,   5618.25,      5.00,1556822316.00
  13577.00,   5045.00,      6.00,254282670.00
  14184.00,   6784.25,      5.25,573276087.00
  15048.00,   5566.50,      4.00,81391063.00
  15045.00,   4601.00,      7.00,573281882.00
  13396.00,   5950.00,      8.00,1360796826.00
  14420.00,   6328.67,      6.00,1551772107.00
  14463.00,   5197.05,      4.36,1244688648.00
  13867.00,   4906.00,      4.00,1435063972.00
  14463.00,   4849.49,      4.38,1164744768.00
  14134.00,   7248.00,      6.00,772699044.00
  13900.00,   6529.00,      5.00,1163931100.00
  13414.00,   5371.00,      7.00,623188237.00
  13318.00,   7567.00,      8.00,95879394.00
  15029.00,   6929.00,      5.50,1459843714.00
  23247.04,   2762.80,      4.08,368130623.00
  23250.00,   3941.37,      5.00,974563867.00
  22832.67,   5143.00,      6.17,793361508.00
  23250.00,   3365.00,      5.67,248047083.00
  24495.00,   4332.33,      6.33,753799177.00
  22037.00,   3625.00,      6.00,2109213189.00
  23250.00,   3703.22,      6.33,2004064342.00
  23250.00,   4310.80,      5.60,1189280954.00
  22873.33,   3065.67,      5.00,1897952408.00
  23243.72,   3051.97,      6.07,1823411790.00
  25005.00,   3277.00,      6.00,1884127425.00
  22820.50,   4244.75,      4.75,58341185.00
  22860.20,   3620.40,      5.40,179654451.00
  24495.00,   2627.00,     10.00,1205168950.00
  23245.07,   4095.60,      4.67,1642667943.00
  22842.00,   4772.20,      4.60,918638037.00
  23250.00,   3472.81,      5.69,1857357089.00
  23463.00,   4877.00,      7.00,469836637.00
  23246.11,   3181.21,      5.42,42383304.00
  23897.00,   2950.00,      4.50,2080607897.00
  23248.06,   2914.21,      5.83,1902802195.00
  22073.50,   4145.00,      4.00,1065868982.00
  23242.14,   2632.81,      5.62,1291097915.00
  22557.50,   3296.50,      3.50,1133400060.00
  23249.00,   3598.00,      6.09,2121862936.00
  24495.00,   3609.00,      8.00,337992137.00
  22842.00,   3228.00,      4.50,156364748.00
  23733.00,   4454.00,      9.00,253092723.00
  22842.00,   4567.00,      5.25,35080947.00
  23199.00,   4819.50,      6.00,1134526405.00
  23176.00,   5203.00,      6.00,41507175.00
  23250.00,   3807.22,      5.30,315014293.00
  22262.00,   3455.00,      5.00,1114374205.00
  23200.67,   4450.00,      6.67,741806994.00
  22842.00,   3838.00,      6.50,1378822204.00
  22799.00,   2830.00,      5.00,1833097101.00
  25005.00,   3647.00,      6.00,807755102.00
  22842.00,   4977.00,      4.00,1136407660.00
  23250.00,   3272.05,      5.70,989967799.00
  22287.00,   3762.00,      6.00,2107453823.00
  22838.20,   5294.60,      4.80,1598784195.00
  23250.00,   4208.27,      5.60,1108627538.00
   8632.28,    807.69,      4.26,410829601.00
   8272.00,   2988.40,      7.20,1507762415.00
   8957.69,   1605.54,      3.85,139182362.00
   8137.20,   2327.93,      6.67,678805494.00
   6757.00,    280.00,      3.67,1247742047.00
   8082.53,   1063.11,      5.47,728853403.00
  10680.00,    134.00,      7.00,1021951538.00
   8197.94,   1550.12,      5.88,633762604.00
   7943.50,    231.00,      4.00,1648820216.00
   7765.55,   3353.73,      6.45,1802082052.00
   8845.71,   2898.00,      5.71,1253479088.00
   9716.00,   1469.75,      8.50,448530877.00
   7743.12,   2901.00,      6.50,1845101978.00
   8866.00,   3404.33,      6.17,860145815.00
   8401.75,    174.62,      4.25,793843744.00
   8247.25,   3544.25,      7.50,115199702.00
   8836.30,   2475.00,      5.70,1371238712.00
   8206.27,    683.82,      4.73,516360632.00
  29877.00,   1142.87,      6.43,972825990.00
  29877.00,    397.39,      4.09,1391251630.00
  28562.00,    297.00,      7.00,668437168.00
  29877.00,   1394.00,      5.29,146977603.00
  29877.00,    766.12,      5.25,1617016077.00
  29877.00,     61.94,      5.22,1249060068.00
  28266.00,   1110.00,      6.00,136606389.00
  30158.00,   1132.67,      5.00,1067441681.00
  30162.50,    636.50,      4.88,328094395.00
  30282.40,   1548.60,      5.60,1215762025.00
  29877.00,    633.85,      5.80,2106782307.00
  30161.00,    386.78,      5.11,1103344351.00
  28677.50,   1371.50,      5.50,5319739.00
  30159.50,    163.00,      6.00,806702224.00
  30158.00,    956.42,      5.79,42462264.00
  27468.00,    652.00,      6.00,1598538883.00
  30158.00,   1355.80,      5.60,1654625901.00
  29877.00,   1450.75,      4.50,1513435260.00
  29877.00,    241.56,      4.22,1739378721.00
  29877.00,    995.42,      4.85,716858260.00
  28398.00,   1718.33,      6.67,246160762.00
  27825.00,   1039.00,      8.00,233209026.00
  29877.00,   1274.73,      7.64,1432028260.00
  29877.00,    868.85,      4.40,1697997412.00
  27420.00,     33.00,      6.00,608963456.00
  28562.00,    690.00,     10.00,1717493329.00
  29877.00,    493.17,      5.22,222537784.00
  29618.33,    875.33,      6.33,1178782554.00
  28690.00,   1055.00,     10.00,1845599224.00
  30159.12,   1194.25,      4.75,2085261784.00
  30161.60,   1517.00,      6.00,1218058901.00
  30161.00,     36.50,      4.83,2090091961.00
  29312.00,   1146.00,      2.00,365964237.00
  29877.00,    120.38,      5.52,301892176.00
  30159.29,    753.00,      4.57,1500579802.00
  29877.00,    274.36,      6.14,1075638744.00
  30158.00,    913.56,      6.12,548480585.00
  30159.50,    494.00,      5.33,51171291.00
  29877.00,    690.69,      5.75,640344546.00
  29877.00,   1525.62,      6.92,755455444.00
  29877.00,   1329.94,      3.89,1689950908.00
  28215.00,   1564.00,      6.00,1317904742.00
  30279.80,    574.60,      5.20,1658032920.00
  30276.33,   1096.00,      3.00,1242205518.00
  29877.00,    333.18,      4.94,1292812693.00
  29877.00,   1216.82,      8.73,1359954226.00
  29877.00,    713.24,      5.53,1072753013.00
  30159.80,   1582.40,      4.00,1741398977.00
  29877.00,    180.83,      5.67,1809531332.00
  29877.00,    570.20,      5.84,882788093.00
  30500.00,   1502.00,      7.00,1068850877.00
  29643.00,   1315.00,      5.00,1158635790.00
  30287.25,   1437.75,      5.00,1849683013.00
  28590.00,   1557.00,      8.00,673533622.00
  28215.00,    847.00,      5.00,1226314921.00
  29877.00,   1068.77,      6.92,1837317145.00
  29877.00,    458.68,      4.00,1431366947.00
  28098.00,   1139.00,      2.00,989642990.00
  30285.00,     82.50,      7.00,1944150238.00
  30164.00,    832.00,      4.67,1453995382.00
  30158.00,    282.00,      5.67,1463470960.00
  27825.00,    890.00,      6.00,152359659.00
  29877.00,    822.06,      5.22,2082071892.00
  30160.25,   1037.50,      5.75,1315483290.00
  30158.00,    451.17,      4.50,474043963.00
  30162.85,    694.15,      4.85,198096717.00
  30161.60,   1478.00,      6.00,161730807.00
  30285.00,    957.00,      7.00,208332001.00
  30285.00,    202.00,      8.00,500291908.00
  30158.90,   1296.30,      5.90,1482305175.00
  29877.00,     28.62,      5.50,1069792409.00
  28665.00,    660.00,      5.00,1605498702.00
  29877.00,   1175.21,      6.58,2127363027.00
  29877.00,   1114.76,      4.95,2000001058.00
  29877.00,   1423.62,      6.08,1891063444.00
  29877.00,   1243.92,      8.50,1486896616.00
  29877.00,    145.85,      5.54,910562212.00
  29877.00,   1356.25,      6.25,371016444.00
  30164.00,    117.00,      6.17,271365836.00
  29877.00,   1635.00,      2.00,1167787557.00
  30158.00,   1397.67,      5.33,2001438053.00
  29877.00,   1475.56,      6.00,810559280.00
  30159.00,   1087.67,      6.11,859503629.00
  30161.86,    547.57,      5.14,393615557.00
  29877.00,    207.50,      5.71,2093571138.00
  28690.00,   1309.00,     10.00,1567364178.00
  29877.00,     89.63,      5.47,1454189195.00
  29877.00,    735.83,      4.89,535360649.00
  30158.00,   1237.73,      5.55,469635892.00
  30075.00,   1138.00,      4.00,1692843946.00
  29877.00,    609.85,      4.70,1982189509.00
  29877.00,    890.73,      5.07,1889709273.00
  29877.00,   1308.24,      6.94,1290502640.00
  29877.00,    362.86,      4.57,1405375428.00
  29877.00,    660.57,      5.24,359468705.00
  30167.00,    208.33,      4.67,1288599682.00
  29877.00,    424.85,      3.38,1218045257.00
  29877.00,    797.13,      6.13,1675196177.00
  29877.00,    302.62,      5.12,1605772986.00
  29877.00,   1501.87,      6.13,1157277093.00
  30164.43,    866.14,      4.86,191334031.00
  28689.00,   1122.00,      6.00,920517497.00
  30161.00,    346.33,      5.00,538734395.00
  30285.00,    634.00,      3.00,1962543891.00
  29877.00,    524.58,      4.95,2085893162.00
  30163.40,   1434.00,      6.60,26091399.00
  29877.00,   1041.06,      6.11,16859250.00
  29877.00,    845.72,      5.56,411301138.00
  42415.56,   5719.44,      6.56,1536270842.00
  41108.71,   6348.57,      6.86,2120990391.00
  41121.80,   5330.47,      6.00,1370215198.00
  42791.00,   5540.88,      4.68,235464998.00
  42782.87,   6068.65,      4.57,187629283.00
  41137.09,   7059.00,      5.91,328450052.00
  42447.00,   6621.75,      6.50,1046682858.00
  41173.67,   5648.33,      7.00,56303647.00
  42418.70,   6248.10,      6.00,1012990939.00
  40166.50,   5930.00,      9.00,1392801017.00
  42791.00,   5254.89,      4.89,623159164.00
  42791.00,   5764.64,      4.64,416398042.00
  41840.50,   6022.75,      6.50,435650997.00
  41132.12,   6661.94,      7.06,1429098885.00
  40427.00,   6739.50,      3.50,1885538318.00
  42791.00,   6329.44,      4.28,1333039092.00
  41003.25,   5939.25,      5.25,1383505476.00
  41737.83,   6751.67,      7.17,383542486.00
  40398.00,   5052.00,      1.00,1578312877.00
  40819.80,   6838.40,      7.60,1725529418.00
  40490.00,   5824.00,      3.00,1523750583.00
  42496.00,   5308.00,      8.00,972828552.00
  41143.12,   5056.00,      5.88,691492747.00
  41139.21,   5970.14,      5.93,556018033.00
  41517.00,   5274.00,      7.00,574767193.00
  35186.31,   5958.12,      6.50,316218496.00
  36808.80,   7908.87,      7.20,462039136.00
  35203.91,   7743.64,      7.09,1811742773.00
  36819.09,   7373.55,      7.27,840741023.00
  35228.09,   8811.73,      6.82,454588023.00
  36782.18,   6748.64,      6.95,1235333002.00
  35420.87,   6911.73,      6.20,320477311.00
  36775.31,   8706.38,      7.23,1391297945.00
  35259.82,   8355.00,      6.45,1406558958.00
  35998.33,   6122.00,      5.00,1545074423.00
  34736.60,   6637.00,      7.00,1127981575.00
  36103.00,   7017.89,      6.11,1393456976.00
  35924.67,   7966.00,      5.67,1938679436.00
  34436.00,   8634.50,      6.75,620767894.00
  35995.25,   8851.25,      6.75,1554175053.00
  34974.55,   7197.18,      6.45,1902558447.00
  30158.82,   6262.24,      5.52,1994792640.00
  30159.59,   7068.62,      5.26,1848348548.00
  31358.67,   6560.33,      7.33,826596818.00
  30160.37,   6651.05,      4.84,1256300683.00
  30158.72,   7377.44,      4.16,151774393.00
  29241.00,   6903.50,      6.50,439394900.00
  29643.00,   6415.00,      6.00,412858187.00
  30687.00,   6128.75,      4.75,1239341643.00
  30160.65,   6811.68,      6.12,1657679673.00
  30559.00,   6981.50,      6.50,1042516259.00
  30500.00,   6646.25,      5.00,752555203.00
  28788.00,   6265.00,      5.00,1942276628.00
  31327.00,   6128.75,      4.50,439839481.00
  30159.96,   6431.22,      5.65,1872557587.00
  30161.00,   7599.75,      5.00,1151256383.00
  30912.50,   6372.50,      8.00,1654911648.00
  29446.00,   7443.00,      3.00,1816525683.00
  30159.89,   7216.42,      4.79,239594158.00
  30281.67,   6117.00,      6.67,613487657.00
  30161.05,   6580.53,      4.63,125525519.00
  30159.80,   6193.40,      4.97,1300114471.00
  30977.00,   7252.00,      7.00,538991306.00
  29446.00,   6766.00,      1.00,865972751.00
  30159.38,   6981.23,      5.10,930083919.00
  30784.50,   6887.50,      5.50,1021768930.00
  30285.00,   6446.50,      6.00,499936553.00
  29643.00,   6155.67,      6.67,496280603.00
  30153.91,   6515.65,      4.74,605219919.00
  29152.00,   6300.00,      8.00,1465598938.00
  29877.00,   6677.00,      2.00,1310560614.00
  29051.50,   6662.00,      4.50,1805040903.00
  30145.00,   6093.80,      4.80,582198748.00
  30285.00,   6805.57,      6.14,805791439.00
  30158.06,   7150.61,      4.87,293324578.00
  30677.00,   6385.50,      5.00,482938700.00
  30285.00,   6558.20,      6.40,2009237482.00
  30500.00,   6228.33,      5.33,293293866.00
  30977.00,   6146.00,      9.00,1296584936.00
  29191.00,   7621.00,      9.00,1228608959.00
  30159.25,   6337.11,      5.28,1001757532.00
  30837.50,   6571.00,      7.50,1709133977.00
  30160.03,   6878.87,      5.19,773795109.00
  30159.80,   7285.30,      5.05,914434001.00
  29848.50,   6460.50,      5.50,1898171089.00
  31104.00,   6775.00,      8.00,1844103511.00
  29643.00,   6708.00,      6.00,1196847126.00
  30285.00,   6292.71,      6.71,1475748233.00
  30285.00,   7097.20,      6.40,2043305902.00
  29877.00,   6918.00,      6.00,1650459107.00
  30158.00,   7458.88,      4.75,1357638949.00
  29152.00,   7115.00,      7.00,1417874960.00
  30285.00,   7509.00,      5.67,1495565495.00
  30667.00,   7166.00,      6.00,704228800.00
  30158.82,   6737.73,      5.23,1828386098.00
  14463.00,    972.24,      4.59,454594356.00
  14462.43,   1794.05,      4.19,24911325.00
  15708.00,    856.67,     10.00,739121843.00
  14453.79,     98.21,      4.57,1617500530.00
  14463.00,   2237.12,      4.38,1721122656.00
  12544.00,    676.00,      6.00,936474497.00
  14463.00,    724.88,      4.42,1238547212.00
  14463.00,   1530.53,      4.11,1692810803.00
  13383.00,   1471.00,      8.00,1459643106.00
  14865.00,   1738.60,      6.60,1754277806.00
  14463.00,    342.33,      4.22,1210140865.00
  15370.00,   1436.00,      6.00,182420903.00
  13372.00,    134.00,     10.00,729680004.00
  14872.00,   1169.00,      6.00,1536448980.00
  14865.00,    802.00,      7.20,143590492.00
  15968.00,   1908.00,      4.00,1144456801.00
  14865.00,    424.67,      6.00,1352274456.00
  14865.00,   2077.50,      6.50,2135399336.00
  14463.00,   1889.54,      4.40,697801351.00
  14463.00,   1130.14,      4.27,248352790.00
  13841.00,   1709.00,      2.00,1855673303.00
  15339.33,   1110.00,      6.00,1658172847.00
  14134.00,   1599.00,      5.67,769465558.00
  14463.00,    841.67,      4.17,1530968417.00
  14463.00,   1680.26,      4.35,1087367745.00
  13383.00,   1145.00,      7.00,67395133.00
  14865.00,     52.00,      6.00,1181458777.00
  16105.00,    768.00,      8.00,34516506.00
  15806.33,   1452.33,     10.00,509949051.00
  14134.00,    526.00,      7.00,1047313343.00
  14463.00,    593.47,      4.47,1772667175.00
  14134.00,   2008.00,      6.00,459737638.00
  14463.00,   1349.25,      4.00,1456258292.00
  13681.00,   1318.00,      8.00,1636059609.00
  13523.00,   1815.00,      4.00,1121279414.00
  14463.00,   2064.89,      4.89,1044564168.00
  14865.00,   1525.00,      6.86,1536099568.00
  15708.00,   1073.00,     10.00,261670682.00
  39003.67,   5921.78,      4.56,908890481.00
  36771.00,   6311.33,      7.78,1526335858.00
  38389.54,   5294.58,      6.27,98851129.00
  36774.42,   4829.42,      7.00,1234211581.00
  38417.64,   6731.86,      4.50,886856072.00
  38370.80,   5968.30,      6.50,663708191.00
  36765.75,   5563.17,      7.17,1021812433.00
  37557.25,   6734.25,      7.50,1914635017.00
  39063.00,   6394.75,      8.25,1471281646.00
  38389.43,   5035.21,      6.36,1470068505.00
  37429.00,   5878.75,      5.25,1693254840.00
  38397.43,   5624.90,      3.10,279871204.00
  39009.00,   5280.00,      6.60,957493576.00
  38394.52,   6426.70,      5.91,1975112729.00
  36765.36,   5978.29,      7.14,1527405198.00
  39591.00,   5736.50,      6.50,572210698.00
  36771.00,   5155.30,      6.80,671700240.00
  39487.50,   6222.00,      7.00,1996100959.00
  36207.00,   5318.00,      6.00,913712202.00
  37412.00,   4698.00,      2.00,648372280.00
  19623.91,   3138.91,      6.27,858384738.00
  19604.08,   1739.85,      6.00,1332903843.00
  20012.00,    184.00,      6.25,811977411.00
  20012.00,   2630.29,      5.94,1487395257.00
  20012.00,   1652.00,      5.39,317962546.00
  18692.00,   1561.00,      9.00,712029323.00
  18960.60,   2564.10,      5.40,1691988958.00
  20012.00,   1995.65,      6.15,1366545381.00
  18930.75,    623.00,      5.00,1183370981.00
  19616.12,   1008.62,      6.12,1260385068.00
  20012.00,   2979.00,      6.38,1406868324.00
  21199.00,   1570.00,      6.00,281474872.00
  18996.88,   1222.00,      6.00,250835505.00
  20012.00,   2342.48,      6.07,1432730530.00
  19604.50,   2184.17,      7.00,834141768.00
  20012.00,    395.00,      5.33,926914997.00
  18987.00,   1810.00,      4.57,1344720931.00
  18912.00,     75.67,      7.33,901788862.00
  20034.92,   1397.92,      6.00,1414782653.00
  19689.00,   2664.50,      8.50,1438059648.00
  20037.57,    733.43,      4.86,1313614434.00
  20012.00,   2778.81,      5.90,1483142400.00
  20887.00,   2895.00,      6.00,1217225601.00
  20012.00,   2480.76,      5.36,1312609676.00
  20012.00,   3161.44,      5.44,667501810.00
  20722.00,   1743.00,      6.00,496037651.00
  19575.00,   2852.50,      5.33,382015732.00
  20012.00,   1802.00,      5.58,1440571742.00
  18987.00,   2960.25,      6.00,1596366345.00
  20012.00,   2139.24,      6.00,140908583.00
  18987.00,   1580.22,      6.00,980084148.00
  18937.00,   2262.00,      4.67,713586245.00
  24774.46,   6536.46,      6.92,1138988419.00
  26384.00,   5498.64,      4.93,2012539782.00
  25680.57,   5130.14,      2.57,1245696086.00
  25020.89,   4734.22,      5.89,406046746.00
  24867.71,   5880.38,      4.90,447555220.00
  25720.00,   6845.78,      3.56,318197670.00
  10262.25,   6818.25,      6.00,1883282824.00
  10766.06,   5171.76,      6.29,2034896396.00
  11690.50,   5730.88,      2.88,1543927950.00
  10724.00,   6178.25,      5.43,1169870673.00
  11635.17,   7348.83,      7.50,757105748.00
  10262.20,   5897.60,      6.40,780393469.00
  10742.57,   5731.11,      5.82,1086143153.00
  10786.30,   4785.90,      6.40,159366748.00
  12490.33,   6392.00,      7.67,1229303257.00
  10715.05,   7086.05,      5.82,119487710.00
  11744.00,   6102.40,      4.40,1418787276.00
  12601.67,   7302.67,      6.00,1205503797.00
  10757.27,   6563.62,      6.23,1246830066.00
  11902.43,   5210.57,      4.00,740939914.00
  11585.25,   6669.50,      6.75,495179413.00
  10258.50,   4841.00,      4.50,866781752.00
   5677.31,   5808.06,      5.56,812242323.00
   5678.00,   4062.25,      6.45,1804523059.00
   5678.00,   4969.23,      5.41,823926945.00
   6774.60,   5181.20,      4.60,132624132.00
   4322.00,   4455.00,      6.00,1488002036.00
   5678.00,   3722.52,      5.60,104261691.00
   4538.00,   5900.17,      7.00,1696051309.00
   6821.20,   4458.00,      5.40,66473510.00
   5678.00,   4535.08,      5.28,1951665521.00
   5678.00,   5489.21,      6.42,1015220801.00
   3219.00,   3810.00,      3.50,1359519316.00
   6757.00,   3481.50,      5.00,275156880.00
   6701.00,   5781.40,      3.60,1304268060.00
   4553.00,   5234.25,      6.50,655779741.00
   5203.00,   5465.40,      7.00,1417907868.00
   5691.54,   4753.29,      5.91,986566435.00
   7380.00,   3995.00,     10.00,1082146897.00
   4480.25,   3969.75,      2.75,1657062438.00
   5678.00,   3882.00,      5.35,2046473211.00
   3817.00,   5132.00,      6.00,1798032011.00
   6757.00,   5463.40,      5.20,411126448.00
   5678.00,   5661.67,      5.67,841189218.00
   5100.00,   3800.00,      4.00,727793481.00
   5678.00,   5323.57,      4.74,862150904.00
   5678.00,   4233.00,      5.28,1008424524.00
   5058.00,   5019.50,      7.00,2146050962.00
   4831.67,   5829.33,      7.00,62908875.00
   6757.00,   4930.67,      4.67,1660049008.00
   3818.50,   4314.50,      6.00,528137058.00
   5678.00,   3546.70,      5.45,122704206.00
   6838.80,   4710.40,      4.80,1212196403.00
   4783.00,   4230.00,      4.00,677838426.00
   6757.00,   4026.00,      4.50,1770276452.00
   5678.00,   5133.19,      5.07,1517320039.00
   5678.00,   4394.53,      5.60,900714881.00
   7251.00,   3603.00,      1.00,1895103494.00
  17718.18,   8610.55,      6.36,1536764003.00
  15083.17,   8509.50,      5.17,480538087.00
  16883.95,   8499.90,      5.90,88678424.00
  16843.71,   7588.86,      5.93,725151016.00
  13981.20,   8168.60,      7.00,369101741.00
  15014.17,   7420.00,      5.83,2130647906.00
  15994.83,   8066.83,      7.00,1875405011.00
  13631.20,   8820.60,      4.60,116767777.00
  16899.82,   7904.06,      5.59,366145874.00
  16881.44,   8943.84,      6.04,481434572.00
  18015.00,   7979.33,      9.00,1928995964.00
  16930.47,   8730.00,      5.84,862784607.00
  16232.67,   8735.33,      6.00,575552673.00
  16861.85,   8219.92,      5.54,717173644.00
  17487.20,   8850.60,      5.00,727525368.00
  14263.75,   8768.25,      6.50,361361176.00
  14653.00,   7975.00,      5.50,1463473519.00
  17561.00,   7949.50,      4.75,204810318.00
  42796.50,   3632.92,      4.92,2047985550.00
  41128.92,   4434.77,      7.69,1126646361.00
  42791.00,   5016.17,      4.22,36908706.00
  41202.83,   3799.08,      5.58,1756700914.00
  42791.00,   4499.50,      4.57,447520348.00
  42447.00,   4574.50,      5.50,2050552821.00
  42788.21,   3869.21,      4.89,1408078150.00
  42791.00,   4719.91,      5.09,1701440268.00
  42447.00,   3366.20,      7.00,1044310640.00
  41162.82,   3412.91,      5.73,1786399521.00
  41115.75,   4753.38,      6.25,604690463.00
  42783.08,   3350.67,      5.17,928957358.00
  42447.00,   4986.33,      7.33,124960777.00
  42770.76,   4154.00,      4.82,2006943589.00
  41840.50,   4056.00,      7.00,62040505.00
  42447.00,   3769.71,      4.86,1534752698.00
  41082.14,   4160.57,      7.43,733113951.00
  41854.00,   3192.00,      3.00,917369797.00
  41854.00,   4977.00,      7.00,193191826.00
  18367.23,   5458.69,      6.69,864121868.00
  17684.00,   4249.50,      5.33,1183133051.00
  16885.91,   4826.91,      5.82,1666098375.00
  18244.05,   3863.79,      5.37,788136403.00
  17651.20,   5155.07,      5.07,861970151.00
  16852.10,   3660.20,      5.20,281617285.00
  18304.29,   4571.43,      7.57,1321547126.00
  16904.20,   5127.10,      5.90,1306134861.00
  16339.33,   3999.33,      5.33,543412704.00
  16933.50,   4310.86,      5.50,464439549.00
  17543.43,   3576.43,      5.71,980675208.00
  18338.47,   4939.47,      7.53,766599106.00
  17640.59,   4894.06,      5.35,89695559.00
  18365.90,   4176.50,      8.20,497283589.00
  18291.89,   3510.89,      7.11,177291528.00
  18707.00,   4479.80,      6.60,725921620.00
  17438.00,   5433.60,      4.60,222609454.00
  16593.25,   4415.50,      5.50,1901923054.00
  17725.93,   5347.50,      5.93,1921702300.00
  17438.00,   4083.00,      4.00,552219079.00
  17522.57,   4567.29,      5.00,870362686.00
  16910.50,   5348.60,      5.80,767956863.00
  41134.91,   7383.09,      5.64,1612722737.00
  42791.00,   8720.24,      4.29,167944522.00
  41141.21,   8592.50,      6.93,872277911.00
  41160.13,   7855.20,      6.20,1451221401.00
  42441.50,   8061.50,      6.00,354486802.00
  41932.00,   8638.67,      6.67,548309212.00
  41130.77,   8825.85,      6.77,1874863884.00
  42798.75,   8952.34,      5.19,1174370798.00
  42791.00,   8365.78,      4.44,1569174218.00
  41960.50,   7929.50,      6.50,1850529989.00
  41091.36,   8272.09,      6.64,706931976.00
  40751.00,   7644.00,      7.00,2054178100.00
  42496.00,   8485.33,      6.83,540295879.00
  42791.00,   8575.72,      5.72,1243686303.00
  42791.00,   8843.32,      4.07,836736957.00
  42791.00,   8027.50,      6.00,1171952460.00
  41827.00,   7409.00,      5.00,510644442.00
  41854.00,   8982.00,      8.00,1917996122.00
  40751.00,   8038.00,      6.00,1931284070.00
   3066.43,   8495.43,      6.14,29257464.00
   1633.80,   2620.80,      6.20,1779127855.00
   2013.75,   5921.94,      5.81,637480740.00
   1920.43,   8303.57,      6.57,108631540.00
    497.20,   5847.50,      6.40,783890855.00
   3361.57,   6090.00,      5.09,1079458115.00
   1952.16,   6938.58,      6.16,1747084663.00
    422.00,   8740.75,      4.50,1696764957.00
    625.00,   3959.60,      5.60,602292456.00
   3471.09,   7306.82,      5.91,879714313.00
   3194.89,   5025.22,      6.22,228906627.00
    119.50,   2077.00,      8.00,263839471.00
   2103.25,   3809.88,      5.88,2055201236.00
    397.12,   7120.12,      6.50,2005778838.00
  39063.00,   3933.00,      8.67,344912823.00
  38389.91,   4108.78,      6.57,1670939508.00
  38388.00,   3133.76,      7.33,1040753258.00
  38388.73,   4657.57,      6.03,894270516.00
  39917.00,   5133.00,      9.00,1075026699.00
  38388.00,   3675.71,      5.50,1276811593.00
  37341.20,   3270.60,      6.80,187186892.00
  39896.00,   3300.50,      5.00,1080208818.00
  37451.67,   4342.67,      8.33,1149117505.00
  39063.00,   4640.20,      7.00,837038267.00
  39896.00,   4147.00,      4.00,889611259.00
  38391.26,   4337.78,      6.52,1410646003.00
  38389.69,   3411.08,      6.54,334893015.00
  38395.33,   4905.76,      6.24,1775313442.00
  39294.00,   3353.00,      6.00,89037586.00
  39912.50,   4744.50,      4.00,1526425821.00
  38390.06,   4010.75,      5.50,169088004.00
  38388.00,   3256.23,      6.31,1090029093.00
  38737.00,   3579.50,      6.50,1455810487.00
  38390.87,   4561.70,      6.04,1295103023.00
  38379.44,   4234.78,      6.44,19142853.00
  38390.64,   3528.92,      5.84,446437425.00
  39018.00,   4994.33,      6.00,2099788195.00
  37264.00,   3828.00,      8.00,1092805530.00
  39063.00,   4189.83,      8.33,774606667.00
  38389.38,   3897.19,      5.69,1401604858.00
  40215.00,   4075.00,      2.00,1612730059.00
  40394.00,   3647.00,      8.00,972842384.00
  38870.00,   3317.50,      6.00,348273210.00
  37380.00,   3566.33,      6.00,1382914152.00
  37952.00,   4185.00,      8.00,1393153184.00
  38386.38,   3026.75,      4.88,1941274093.00
  37568.00,   3237.00,      8.00,1168248818.00
  39607.00,   4910.00,      6.00,841111202.00
  38391.83,   4476.74,      5.26,1227205483.00
  40003.00,   5425.00,      8.00,2005537061.00
  38394.77,   4781.23,      4.77,1267792411.00
  38115.00,   4668.00,      4.00,1813840951.00
  39063.00,   3604.00,      8.00,242919022.00
  38812.00,   3847.00,      8.00,2017740787.00
  39896.00,   4417.00,      2.00,851809813.00
  38389.76,   3779.32,      5.60,1210629147.00
   8827.93,   7254.79,      6.29,1286865985.00
  10699.77,   8341.38,      5.92,1952725390.00
   8857.45,   8588.91,      6.91,785881459.00
  10695.64,   7364.45,      5.82,591275843.00
  10712.87,   7840.04,      5.52,540674485.00
  11997.00,   8849.50,      4.33,2105599834.00
   8822.07,   7498.73,      6.47,1307154581.00
  10734.44,   8718.97,      6.35,1801860252.00
   8828.20,   8172.50,      6.70,771634018.00
   9528.40,   7966.80,      8.20,594764786.00
   7819.00,   8795.75,      7.25,2058131334.00
  11611.00,   8500.00,      7.25,1884409070.00
  13086.00,   8942.00,      7.00,496691935.00
   8852.69,   8843.92,      5.69,121690511.00
   8109.00,   7998.67,      8.00,1934456596.00
  10073.00,   8816.00,      7.00,1727420466.00
  20012.00,   4520.94,      6.16,367043466.00
  20012.00,   3550.67,      6.11,1326844906.00
  20023.89,   5074.50,      5.78,1526245711.00
  20012.00,   4083.28,      6.33,1990304951.00
  19052.00,   3765.50,      8.50,717000300.00
  20989.00,   5254.00,      5.25,465260885.00
  19613.43,   5322.14,      6.57,1703758579.00
  21244.00,   4170.00,      8.00,1224087288.00
  19626.00,   4171.90,      6.10,1963531254.00
  19623.00,   4805.13,      6.33,1616212443.00
  19590.00,   3311.25,      6.00,209514284.00
  20842.00,   4675.00,      5.00,1497099143.00
  20012.00,   3807.94,      6.06,1659147423.00
  20008.95,   4757.57,      5.48,206721792.00
  19605.00,   3811.33,      5.83,1137819214.00
  20012.00,   4402.40,      6.20,1627620849.00
  20012.00,   5420.57,      5.43,2062217449.00
  20012.00,   3315.06,      6.00,466719309.00
  19111.00,   5051.00,      4.00,1314772131.00
  18762.00,   3465.00,      6.50,433694586.00
  20793.00,   4216.50,      6.50,2028354750.00
  20006.44,   5259.50,      5.69,319720293.00
  20012.00,   4630.00,      5.81,843219955.00
  19616.12,   4385.88,      5.62,210278797.00
  20012.00,   4920.14,      6.71,572357728.00
  20009.71,   4231.58,      6.04,1517847958.00
  19111.00,   4364.00,      4.00,568248490.00
  20597.00,   4883.00,      6.50,1880441127.00
  19626.00,   5123.10,      6.20,1327147275.00
  19624.83,   3965.00,      5.50,311015950.00
  20012.00,   3962.89,      6.00,2001865556.00
  20012.00,   3674.56,      6.00,1572520895.00
  18993.67,   3349.00,      6.67,1801283928.00
  20629.50,   4437.50,      7.50,326904890.00
  20410.00,   3322.00,      2.00,392346835.00
  19610.60,   3561.00,      6.60,1409592842.00
  30159.50,   2876.50,      5.44,1794695790.00
  30158.00,   2177.85,      5.85,1487932531.00
  31854.00,   2600.50,      5.50,1545479701.00
  30159.57,   1667.74,      5.43,1941034896.00
  28665.00,   2157.00,      7.00,1291866042.00
  30158.41,   2417.05,      5.41,312825296.00
  30158.39,   3106.35,      5.70,2085219972.00
  29042.00,   3085.00,      1.00,1111091618.00
  30736.00,   2221.50,      6.50,665434534.00
  30161.78,   1950.56,      5.75,1705122049.00
  30746.40,   2933.60,      7.00,1872017414.00
  29643.00,   2794.50,      5.00,514364653.00
  29709.67,   1797.00,      4.67,1030986975.00
  30154.68,   2747.84,      5.00,1482716173.00
  29105.00,   2620.50,      6.00,356904980.00
  31357.00,   2173.00,      8.00,1074888142.00
  30164.16,   2261.16,      5.52,423221441.00
  30167.46,   2587.92,      5.15,375084239.00
  30154.54,   2048.21,      5.29,1696027233.00
  30723.00,   2789.00,      8.00,1334142305.00
  30158.00,   2962.64,      5.80,653406702.00
  30159.89,   1771.42,      5.58,1865879994.00
  30723.00,   3184.00,      4.00,58666596.00
  31254.00,   3131.00,      9.00,1756742063.00
  29911.00,   2548.33,      6.67,1440814693.00
  32283.00,   2630.00,      7.00,483239709.00
  30977.00,   1871.00,      6.00,189585225.00
  30158.64,   3180.11,      5.82,195137070.00
  29446.00,   3228.00,      1.00,2095280362.00
  28788.00,   2609.00,      8.00,2131215559.00
  31854.00,   2835.00,      7.00,360644692.00
  30711.00,   2577.67,      5.67,857663460.00
  29685.67,   2611.67,      5.67,107544555.00
  30160.70,   2499.35,      4.96,410290778.00
  30723.00,   2008.00,      6.00,1830601176.00
  29877.00,   2952.00,      4.00,1297261345.00
  30285.00,   3151.25,      6.75,1186884814.00
  30167.38,   1857.31,      5.12,939306281.00
  28895.00,   2251.00,      8.00,888051715.00
  29413.00,   2508.00,      8.00,1309676465.00
  29409.00,   1789.00,      1.00,970193925.00
  30172.78,   2112.78,      5.70,493047812.00
  30280.67,   2951.33,      4.33,2145525202.00
  30163.67,   2338.96,      5.88,1158277115.00
  28832.00,   3228.00,      4.00,440864029.00
  30176.54,   2677.62,      5.69,391504873.00
  30158.00,   3046.09,      5.59,1176731622.00
  30280.67,   1714.67,      4.67,973160897.00
  14463.00,   3128.07,      4.00,1713573238.00
  14457.67,   4052.89,      4.28,1207577458.00
  14463.90,   2567.86,      4.52,1211339717.00
  16003.00,   3719.00,      6.00,1334641996.00
  14463.00,   3650.61,      4.26,334843227.00
  14463.00,   2834.19,      4.30,586163315.00
  13577.00,   2931.00,      6.00,455445761.00
  14464.52,   3896.48,      4.38,79544602.00
  14463.00,   4258.63,      4.44,1609606680.00
  14463.00,   3388.86,      4.29,190639396.00
  15619.00,   2777.00,      8.00,199174444.00
  14865.00,   2562.00,      6.67,1224175122.00
  14134.00,   2587.33,      5.33,603397698.00
  15714.00,   4165.00,      5.00,773366862.00
  14463.00,   2991.26,      4.53,2109642341.00
  13166.00,   3560.00,      5.00,897346955.00
  13015.00,   2698.00,      8.00,494267359.00
  14032.00,   3995.00,      6.00,248965821.00
  14463.00,   2691.00,      4.09,1308914729.00
  15535.00,   3381.00,      8.00,489946076.00
  15048.00,   2853.00,      6.00,93363652.00
  14463.00,   3464.46,      4.31,2028423307.00
  16227.00,   3336.00,      6.00,1141620626.00
  14463.00,   3768.38,      4.57,1914661128.00
  15048.00,   3757.00,      6.00,1008598469.00
  14463.00,   2420.12,      4.00,828523233.00
  16003.00,   2823.00,      8.00,941282273.00
  14463.00,   4149.71,      3.88,9259589.00
  14202.00,   3575.00,      6.00,1718521401.00
  14463.00,   3224.69,      4.38,756726054.00
  14134.00,   2881.00,      8.00,36072443.00
  14463.00,   3583.94,      3.88,712712174.00
  15120.00,   2588.00,      2.00,1473204071.00
  14823.00,   3023.00,      2.00,1601621784.00
  14463.00,   2914.06,      4.33,789623622.00
  14463.00,   3068.45,      4.18,603414232.00
  14463.00,   2628.29,      3.71,2090349069.00
  14463.00,   3292.47,      4.13,573859163.00
  14134.00,   3303.00,      7.00,2132474756.00
  14463.00,   2763.56,      4.22,2083415031.00
  14463.00,   3958.27,      4.27,1184009018.00
  14653.00,   2426.00,      6.00,1637852682.00
  14463.00,   3840.48,      4.17,1454271584.00
  14134.00,   3883.00,      5.00,1527943426.00
  14463.00,   3516.75,      4.17,1229414769.00
  14463.00,   2489.73,      4.36,1092642941.00
  15619.00,   4050.00,      7.00,269102398.00
  14463.00,   4183.72,      4.33,843577201.00
  14865.00,   2452.00,      6.00,81555470.00
  14463.00,   3175.75,      4.50,19180573.00
  14463.00,   4107.31,      4.15,712068437.00
  14463.00,   3336.31,      4.50,1269950441.00
  19623.70,   7641.91,      7.17,1863837313.00
  20009.86,   8819.21,      6.43,1371934594.00
  18294.80,   8331.40,      6.80,1319901002.00
  19627.45,   8442.90,      6.50,254620737.00
  21290.17,   8723.17,      6.00,1184843942.00
  19632.10,   8810.29,      5.67,180075433.00
  19613.06,   7950.28,      7.11,634221905.00
  20669.50,   7884.25,      5.25,316387009.00
  18435.80,   8778.40,      6.80,861802357.00
  18349.88,   7877.88,      7.75,143367737.00
  20012.00,   8579.92,      6.67,1091520621.00
  19041.50,   8630.00,      5.75,266010724.00
  20814.50,   8841.25,      6.50,1542801666.00
  20012.00,   7979.67,      8.00,993289086.00
  19622.95,   8644.30,      6.75,1914119738.00
  21199.00,   7997.50,      6.00,676466958.00
  20012.00,   7645.83,      7.00,766998818.00
  20012.00,   8956.00,      6.25,1670299207.00
  19617.00,   8256.80,      6.40,1883644538.00
  19621.87,   8972.17,      6.39,128170598.00
  20012.00,   8333.50,      6.80,1954260998.00
  19305.75,   8725.25,      8.50,810481629.00
  19282.00,   7471.50,      7.50,1188324705.00
  19235.50,   8092.50,      8.50,963141758.00
  27454.39,   2663.56,      6.61,1545343778.00
  26696.80,   4415.20,      4.70,1132492986.00
  26011.83,   1723.75,      4.50,1979990408.00
  27575.44,   3465.06,      6.22,402738762.00
  25885.00,   3482.18,      3.64,562095040.00
  27553.07,   4601.20,      6.53,1777641400.00
  27584.43,   1839.57,      7.00,1724126452.00
  26262.12,    925.75,      6.12,1034509953.00
   8817.21,   6298.46,      4.71,134219876.00
   8879.67,   4204.40,      5.13,282182935.00
   7786.12,   5572.62,      4.12,1482786607.00
   7749.62,   4165.00,      6.00,585670798.00
   8793.88,   5358.06,      5.06,8522867.00
   9657.33,   5235.67,      6.33,1650083513.00
   7858.25,   4888.50,      6.00,394026291.00
   8197.20,   6328.00,      6.00,24951505.00
   8259.62,   4049.12,      5.50,734435939.00
   8793.13,   6786.52,      5.91,481000688.00
   8809.79,   5856.53,      5.32,344876183.00
   9536.00,   6347.00,      5.50,284134425.00
   8814.68,   4676.36,      4.91,1759775000.00
   7807.90,   5983.90,      5.70,812270476.00
   7045.00,   5759.50,      6.50,1169879570.00
   8048.00,   7456.00,     10.00,879164686.00
  30159.24,   5949.34,      5.62,1977855227.00
  30158.39,   4949.30,      6.09,891534005.00
  30158.73,   5386.19,      5.78,280707397.00
  28788.00,   5642.67,      5.33,1639704180.00
  30977.00,   5332.00,      8.00,1316033421.00
  31835.40,   5268.60,      7.00,56457102.00
  30717.00,   4872.33,      6.33,626996924.00
  30159.03,   5674.23,      5.63,369244381.00
  30652.50,   5871.00,      6.50,923760539.00
  29655.80,   5888.40,      5.00,1642603594.00
  30159.96,   5196.96,      5.61,2127352429.00
  30159.75,   4734.56,      5.44,953724776.00
  29374.00,   4875.00,      2.00,1727760071.00
  30939.50,   5783.25,      6.25,1502580456.00
  30732.71,   5218.43,      4.57,1789316562.00
  31327.00,   5181.50,      3.50,393299599.00
  28852.67,   5518.67,      4.67,69013598.00
  30158.38,   5794.04,      5.33,1329296664.00
  28788.00,   4646.00,      7.00,383001321.00
  28232.00,   5178.00,      5.00,2045217540.00
  29042.00,   5774.75,      2.00,261514756.00
  29501.00,   5331.00,      1.00,1724635499.00
  30160.00,   5584.63,      5.07,551648045.00
  30158.86,   5095.19,      5.86,1405429086.00
  30160.12,   5289.24,      4.88,1669324404.00
  30285.00,   5991.44,      6.78,2094693095.00
  31327.00,   5923.00,      4.00,1205207506.00
  30158.72,   5012.92,      5.44,2026268245.00
  30285.00,   5879.38,      6.12,1847555403.00
  31327.00,   4886.00,      4.00,1920983077.00
  30502.00,   5490.00,      5.50,2067231454.00
  29643.00,   5006.00,      5.00,1260070479.00
  31786.00,   5542.00,      7.00,1939389660.00
  30285.00,   4982.33,      6.33,1840258414.00
  30159.41,   5480.28,      4.88,90009959.00
  30285.00,   5329.43,      6.71,1194668608.00
  30158.44,   4844.34,      5.63,1125879695.00
  30160.08,   6021.69,      5.69,1707388668.00
  28747.00,   5934.00,      9.00,603573372.00
  30285.00,   4823.25,      6.50,1322702577.00
  30285.00,   5132.12,      5.62,727294156.00
  30723.00,   5420.50,      7.00,326386519.00
  29675.00,   5629.50,      6.00,220208584.00
  30285.00,   5639.60,      5.20,1740005105.00
  30723.00,   5037.00,      5.00,1444220445.00
  29330.00,   5758.00,      1.00,1417527358.00
  30493.00,   4875.00,      2.00,1103968264.00
  30500.00,   5791.75,      5.25,2058631568.00
  30158.69,   5882.46,      5.69,2060201756.00
  30713.00,   5663.00,      4.50,313196967.00
  28788.00,   5284.00,      4.00,2018766136.00
  30902.00,   4845.50,      8.00,594080944.00
  15990.60,   6021.80,      6.40,1982272471.00
  17438.00,   7228.80,      5.60,687024921.00
  17684.00,   6143.89,      6.00,1565874402.00
  16938.33,   6583.85,      5.81,448484719.00
  16929.00,   5901.29,      5.64,742231630.00
  18337.40,   6589.60,      7.40,250047287.00
  16687.57,   7228.14,      5.86,963091793.00
  18327.00,   7539.50,      8.50,1814718814.00
  16937.30,   5662.40,      4.95,435620430.00
  18327.00,   6240.00,      7.09,626752075.00
  16189.67,   5676.83,      6.50,644762059.00
  16935.10,   7310.65,      5.39,1825675423.00
  17717.47,   6473.53,      6.06,822970684.00
  16923.60,   6929.00,      5.84,13792010.00
  18298.11,   6857.56,      7.44,518269216.00
  16647.09,   6672.45,      6.45,1441400720.00
  16690.20,   5961.70,      5.80,1705949777.00
  17616.91,   5762.91,      5.18,148477182.00
  15561.50,   6673.50,      7.50,42087435.00
  17438.00,   6130.83,      6.00,1248633680.00
  17438.00,   6658.20,      6.00,652755798.00
  16929.00,   6144.40,      5.53,1000563509.00
  18361.40,   5922.80,      6.80,262094335.00
  16137.40,   6637.40,      7.80,1867558035.00
  16681.00,   6295.00,      6.80,1713481301.00
  17977.80,   5923.40,      6.80,1983705813.00
  18327.00,   7142.64,      8.18,1244315906.00
  16622.71,   5595.57,      6.29,252976166.00
  17723.67,   7031.83,      6.00,182953886.00
  17684.00,   7420.00,      7.20,2069764957.00
  30164.79,   8370.54,      4.93,1565594498.00
  31308.75,   8816.00,      4.75,262244555.00
  30472.50,   8701.50,      3.50,310245864.00
  30171.60,   7808.20,      5.20,1424063194.00
  30164.37,   8756.85,      4.52,952661629.00
  29168.67,   8597.00,      6.67,609692876.00
  31854.00,   8666.60,      8.80,848523676.00
  30789.50,   7799.00,      5.50,5869535.00
  30158.38,   8971.33,      4.79,682178125.00
  31854.00,   8217.00,      8.00,486545542.00
  30174.78,   7998.81,      5.04,374637905.00
  31290.50,   7796.50,      6.50,946213341.00
  30172.46,   8635.43,      4.57,1129382227.00
  30796.71,   8779.71,      4.71,513773820.00
  28760.00,   8819.00,      5.50,679150216.00
  30164.42,   8499.83,      4.96,1257332289.00
  31865.86,   8485.14,      6.71,567035133.00
  30671.33,   8091.67,      6.33,1420252379.00
  30977.00,   8391.00,     10.00,2051916534.00
  30920.50,   7931.00,      9.50,1032054634.00
  30162.94,   8883.55,      4.36,599408135.00
  30161.46,   7701.31,      5.08,1786367617.00
  30164.77,   8178.64,      5.45,1365311456.00
  29877.00,   8739.00,      6.00,868270025.00
  31862.00,   8911.14,      7.57,615367275.00
  30500.00,   9010.00,      6.00,654168711.00
  31392.00,   8117.00,      4.00,1960745200.00
  30445.00,   8394.00,      1.00,1336615201.00
  29388.00,   8611.00,      6.00,48751521.00
  31327.00,   8453.00,      5.00,1281151828.00
  23250.00,   2058.41,      4.76,841992015.00
  21701.00,    291.17,      6.67,374266199.00
  23250.00,    486.46,      4.77,411482110.00
  23250.00,   1626.59,      5.53,1934636405.00
  21701.00,   1378.14,      6.00,1153545662.00
  25694.00,    391.00,      4.00,457490508.00
  23250.00,   2384.51,      4.78,1881004943.00
  23250.00,   1124.45,      6.00,2043960683.00
  21701.00,    719.67,      6.44,1113723892.00
  22287.00,   2224.00,      3.00,1839509723.00
  22431.00,   1738.50,      7.00,1056552804.00
  24495.00,   1899.00,      5.00,910128436.00
  23250.00,     73.71,      4.86,975510025.00
  23246.91,   1756.39,      5.48,906840368.00
  23250.00,   2151.53,      5.75,84345581.00
  23242.42,    669.83,      5.33,342679084.00
  23250.00,   1940.17,      5.31,1247801300.00
  22842.00,   2435.00,      4.00,1499838189.00
  21701.00,   1020.25,      6.50,222237104.00
  23254.25,    930.95,      6.10,1431555898.00
  22564.00,   1141.00,      8.00,525749103.00
  21701.00,     78.29,      7.71,1605167208.00
  23250.00,   1274.80,      7.33,1396347563.00
  23831.00,    560.00,      6.00,1188051863.00
  22670.00,     33.00,      6.00,284536500.00
  22890.00,   1446.00,      5.50,1536090756.00
  23250.00,   2489.52,      4.28,1082178477.00
  22842.00,    641.00,      4.00,1693442844.00
  23241.78,    248.00,      6.11,283386658.00
  25427.00,    825.00,      6.00,1112983504.00
  21701.00,    469.12,      5.50,899632927.00
  23250.00,   1441.07,      4.27,839479519.00
  21350.00,    809.50,      5.00,863219778.00
  23250.00,   2282.67,      5.50,710202831.00
  23510.00,   1737.00,      5.00,573294592.00
  22110.00,   1743.00,      2.00,756237503.00
  22834.00,   1755.00,      5.00,1266864403.00
  22804.33,   2177.00,      6.67,1331963473.00
  23161.43,   2229.71,      2.29,1886020124.00
  21701.00,   1168.17,      7.00,1729957953.00
  33688.75,   3682.67,      5.50,1748907847.00
  35417.50,   2762.67,      6.33,69433653.00
  35351.25,   5090.50,      5.25,2029608305.00
  35385.88,   1305.00,      6.12,921306700.00
  36750.86,   4140.67,      7.10,1248453176.00
  35455.33,   4127.08,      5.75,1586872457.00
  33902.67,   1630.67,      3.00,1792421407.00
  36769.73,   2887.20,      6.47,1406641673.00
  23265.25,   5833.12,      6.00,388556236.00
  22799.39,   8764.56,      5.67,1170669396.00
  24584.12,   7844.12,      8.00,1290326407.00
  23277.57,   7080.00,      4.86,315634921.00
  22847.15,   6427.25,      4.80,617057439.00
  24537.31,   8771.00,      7.23,521395638.00
  24495.00,   7147.56,      6.56,1528838793.00
  22868.00,   7669.17,      5.33,136621581.00
  21940.75,   6797.50,      6.25,1368423921.00
  22809.84,   5995.42,      5.47,1716239606.00
  22830.25,   8091.44,      6.31,1503958189.00
  23690.60,   6567.60,      4.40,819134582.00
  22833.93,   7162.71,      5.29,2017953394.00
  23613.50,   7635.00,      6.33,1370277434.00
  23298.62,   8679.50,      5.50,732163282.00
  24487.56,   8319.67,      6.67,831044360.00
  22828.22,   5564.67,      4.44,1032931309.00
  22819.36,   6779.71,      5.36,130877184.00
  10714.86,   3419.71,      5.43,1284195210.00
  11716.33,   2057.00,      2.50,636391857.00
  10807.00,   4063.76,      6.72,1215522169.00
  10777.00,   1771.36,      7.09,1449544741.00
  11721.78,   3977.44,      2.56,832785554.00
   9715.33,   3524.33,      3.67,411685257.00
  10783.88,   2772.08,      6.92,2061489694.00
  10931.20,    594.20,      4.80,976449203.00
  10606.25,   2352.62,      6.38,208156606.00
  12021.00,   2735.60,      1.20,1911717623.00
  33949.12,   7189.38,      5.38,1445096718.00
  31871.48,   6784.14,      6.71,336438120.00
  33822.40,   6494.40,      6.20,853759648.00
  33139.00,   8527.50,      5.33,572880446.00
  32436.43,   5937.86,      7.00,1092594000.00
  31856.71,   6027.71,      7.06,2048926863.00
  31851.43,   7594.50,      7.71,1252532606.00
  32512.67,   7929.67,      7.67,354383859.00
  32994.92,   6840.17,      6.50,1900572841.00
  33175.40,   4738.20,      5.60,399618133.00
  33245.00,   5951.38,      5.00,612763964.00
  33959.50,   5846.88,      6.62,696328525.00
  33338.29,   7739.21,      6.21,1492327246.00
  33819.00,   8626.00,      5.57,405865847.00
  25694.00,   7986.00,      1.00,1733563182.00
  27485.23,   7277.32,      6.50,1427456874.00
  27450.31,   5512.69,      6.15,529228750.00
  28062.50,   8760.50,      6.25,616734920.00
  27476.92,   6893.08,      6.77,1694903519.00
  28506.44,   6446.33,      6.11,789182652.00
  27464.63,   8758.26,      6.33,1838783480.00
  26547.78,   7000.22,      6.78,1083174116.00
  27554.11,   6257.53,      7.11,42455869.00
  26413.20,   8749.00,      4.80,505655966.00
  28120.86,   5746.29,      4.71,591284235.00
  28037.00,   8145.60,      6.00,1284096426.00
  27010.50,   7855.00,      7.75,1399163361.00
  27447.56,   5943.56,      6.88,1702680373.00
  28726.50,   7958.00,      6.50,261387573.00
  27489.11,   7876.56,      6.67,40923404.00
  27509.52,   6563.28,      6.64,158898331.00
  28515.00,   7206.17,      5.17,1615138942.00
   5681.77,   1989.10,      3.92,93720999.00
   5678.00,   2499.74,      5.35,1764672188.00
   3035.50,   2664.00,      7.00,644711245.00
   5678.00,   3179.39,      5.78,1104183001.00
   5678.00,    881.47,      5.40,228446169.00
   1860.00,   1311.00,      2.00,528712321.00
   3292.50,   1294.00,      6.00,509549740.00
   6757.00,   2831.67,      6.67,375998833.00
   6757.00,   1519.00,      5.00,403090446.00
   4652.67,   2677.67,      6.50,1639543324.00
   5678.00,   1563.00,      6.38,956401484.00
   5678.00,    179.56,      5.56,2093519447.00
   5678.00,   2327.34,      5.69,1759485870.00
   4227.00,    401.00,      6.00,333544509.00
   4787.00,   1732.50,      4.50,2131817802.00
   5678.00,   3393.09,      5.87,1938897901.00
   3957.00,   1787.00,      8.00,1989598976.00
   5678.00,   2834.96,      5.79,425310557.00
   3290.67,   3304.67,      3.33,2069044771.00
   6757.00,   2322.33,      3.67,610917939.00
   6682.67,    994.33,      6.00,596457233.00
   1265.00,   1905.00,      8.00,364218491.00
   5688.39,   1795.30,      5.57,1286715608.00
   3593.00,   2535.67,      6.00,263379794.00
   6757.00,   1910.20,      4.80,889602993.00
   2204.00,   1689.00,      6.00,82383727.00
   5678.00,    528.78,      4.78,292324740.00
   4350.00,   1145.00,     10.00,70215758.00
   5678.00,   3018.68,      5.64,744287448.00
   6273.00,   2063.00,      5.00,349465622.00
   3086.00,   2127.00,      6.00,766821388.00
   5678.00,   2130.48,      5.81,1008808997.00
   6776.67,   3158.33,      3.67,190502863.00
   5678.00,   2665.82,      5.59,1815001183.00
   5678.00,   1248.09,      5.82,2016221524.00
   3476.00,   1843.00,      2.00,616650012.00
  16961.62,    818.12,      4.75,433787257.00
  18225.72,   2994.00,      5.83,1260692483.00
  16829.29,   2557.93,      5.79,863366091.00
  18265.00,   1693.54,      5.92,1006640733.00
  16975.29,    198.86,      5.14,1647593460.00
  16861.36,   3209.55,      6.27,2045106009.00
  16859.70,   1752.90,      4.60,2070862772.00
  18018.88,    762.25,      6.00,2112847181.00
  18213.95,   2373.00,      5.53,1446163351.00
  17520.00,   2896.67,      5.07,1757621497.00
  16115.00,   2433.50,      8.00,1746052346.00
  17496.55,   1713.36,      4.73,1505665733.00
  42794.57,   6688.03,      5.34,925251062.00
  42783.62,   7861.31,      5.69,1422345560.00
  42788.26,   7304.94,      4.40,725126480.00
  41840.50,   7261.50,      7.00,1625988278.00
  42447.00,   7025.85,      6.69,1696799348.00
  42791.00,   6949.06,      5.33,195756167.00
  38344.22,   8813.39,      5.09,2075491630.00
  40064.86,   6809.57,      6.29,1071085645.00
  39148.90,   7622.50,      7.00,1559239571.00
  40100.67,   8812.33,      4.17,338402864.00
  38361.00,   7176.53,      4.47,182780380.00
  38399.20,   7976.00,      4.75,1075501821.00
  40249.83,   8109.00,      6.33,1231968672.00
  39024.71,   6920.14,      8.00,664791176.00
  37542.00,   8435.75,      7.00,1854967710.00
  39038.14,   8749.71,      5.29,244694872.00
  42707.69,   1798.54,      3.54,233116768.00
  40284.00,   1415.00,      7.50,1918076525.00
  41123.27,   2858.33,      5.93,881339210.00
  42788.32,   2787.54,      4.79,1688916425.00
  42584.60,    535.10,      5.60,1212474316.00
  41102.54,   1583.00,      4.92,1706645384.00
  41048.67,    243.00,      7.67,790626013.00
  42788.36,   1160.82,      5.36,1749076618.00
  42784.21,   2372.71,      3.50,1737537110.00
  42453.94,   2371.53,      6.35,622646237.00
  41889.33,   2835.33,      6.67,610367362.00
  41135.00,   2247.78,      6.67,250854348.00
  31089.87,     72.35,      5.57,16137385.00
  31095.00,    826.52,      6.00,845151117.00
  31854.00,   1961.40,      7.60,1391077867.00
  32565.50,    725.50,      9.50,1197290449.00
  30602.08,    756.38,      3.77,2087192267.00
  31095.00,   1048.85,      6.15,765025085.00
  33017.00,   1740.00,      8.00,735663898.00
  31095.00,    456.87,      5.13,488551525.00
  31917.00,    649.75,      7.00,733926441.00
  30723.00,   1569.50,      6.00,1392664817.00
  31095.00,   1340.35,      5.65,511925774.00
  30639.14,    151.00,      4.00,162653941.00
  32193.50,   1139.00,      5.00,1638804198.00
  33291.00,    846.00,      3.00,1806137585.00
  30729.40,   1119.40,      7.40,1237195558.00
  31113.71,    249.79,      6.07,1979454037.00
  31095.00,    623.06,      5.53,1933740930.00
  32414.00,   1776.00,      6.00,1083095876.00
  31394.00,    782.14,      6.29,1134422425.00
  30602.92,    638.21,      3.92,1730704797.00
  33291.00,   2198.00,      2.00,1773900106.00
  31854.00,   1383.00,      2.00,327862352.00
  32806.00,   2213.00,      2.00,976380291.00
  31737.67,   1758.33,      5.33,1218121187.00
